Glucose,BMI,Age,BloodPressure,Insulin,SkinThickness,Outcome
-1.0606316673589933,-0.8667229746284533,-1.225767816757602,-0.18709452599907062,-2.495549488587123,0.2790707250514406,1
-4.848393255794954,0.6195664721781072,0.4107306632690933,0.4196635485365041,-4.166574462431917,-3.640202235341379,1
-3.7401067442611993,0.933783912872343,-0.3253628783514149,-1.5113868423160874,-2.803707363141767,-1.4212008353423373,0
-2.79140069058582,0.2325949082278164,-0.21975049584272882,0.9675042678116061,-3.989606560302165,-2.5820017188473727,1
-1.3303705581914087,-0.5821115937904281,-0.588038578458875,-1.5538201786449126,-1.5135405146943883,-3.138699804059441,0
-0.07947447346238157,-0.10910851765256904,-0.488597581992664,-2.4082563000069093,-1.0693304408216688,-2.9286569858309326,0
0.014331519612071464,-0.6283840909951381,-0.3216625150584195,1.4351772320794811,1.534799578458451,-1.341165215432985,1
-1.31341544724077,-0.1701796665065516,-1.3140673085340397,-4.518246843705954,-2.2759579851706913,1.1721190811636877,0
-1.7497122276378188,0.8560592234970398,0.9577897351368669,-0.848748036177648,-1.8146127913758554,-2.9676557589579406,0
-1.5857302479446798,-0.8590879423640695,1.1953361180028157,-0.23822761339855214,-1.987109778269257,-2.297949616186652,0
-1.1973907958167493,1.497368970934125,-0.5045524370842177,-2.8421400684285185,-1.5893774476666862,-2.098595621181094,0
-3.738877286210682,-1.3208237738789572,2.2362836507959862,3.183392430737365,-3.2637539050802693,-2.0404363716674747,1
-2.1177644464774126,-0.5399876357256903,-1.0919754746661545,0.6558356374505228,-0.27077681812097554,-3.555162209127543,1
-1.4570859879914608,0.7393058408322967,0.8163391559383438,1.545435565084305,-2.59688502330751,-1.0310630317441662,1
-3.1581598390819705,0.13119009034388346,0.08642851707843523,3.7700086709937786,-2.432643790149939,-3.202198607656813,1
-1.3568233088839272,1.126296559324147,0.7732543213170501,0.4745310574070867,-2.8414265183106515,-1.985715462624509,1
-1.3941831558507127,-0.8639591168352135,-1.383453518068656,1.801111728695999,-1.6153742638059059,-1.6997715409470526,1
-1.5017668819392864,-0.198640259656028,0.6329676506008086,2.0432682096503187,-3.3034173748783453,-0.7640857667246967,1
-2.085491110168948,0.8119403283952916,1.337831020966117,-4.2805249478819585,-1.970625082752804,-1.1024415040168836,0
-0.6991568069918381,1.137706202714778,0.3495949993602971,-3.0199058304269464,-1.9284694779653602,-0.01398528717202363,0
-2.997090569687748,0.29837745260117915,-0.6349069197424152,-0.665673680518784,-2.257201188640848,-2.9735965155690907,0
-2.0564721611040873,0.56568707966939,-0.0607314103854932,3.632841470914716,-0.2821469024812937,-2.488302652881099,1
-3.200758374001474,-1.1937109876608283,-0.30134644969155117,1.610912198026842,-3.8965932627733366,-1.8319946968558674,1
-3.9282292984787857,-0.41063469198080127,-0.5073836817460986,2.3396736935417612,-5.246107211203418,-2.7899093569155435,1
-3.2971309894036183,0.04172271121569786,2.562527659332516,1.1017690046727788,-1.8157714770264703,-3.467842070864056,1
-2.054750172765362,-0.8130121217203724,0.7339892274185661,2.003441915115166,-2.719171297138617,-2.236071243531322,1
-1.148536982381033,-2.36396849425218,-1.0551784721031583,-1.5311912242773098,-2.1604800305045586,-0.4219154933120972,0
-3.4465503905911,-0.1791497576634285,-1.2680142073833764,1.6356577382054471,-2.6421774211670503,-3.5387037398371826,1
-1.631531166209875,0.8810715736226133,1.556000571839204,3.1450974565904546,-2.34831891187663,-1.1331088445631328,1
-1.4297788129163767,1.8822922338341885,0.009931019733270987,-2.442863274806379,-1.9275893222883786,-1.2920387926531243,0
0.02997760715980169,-0.8224315772548629,1.3169588366867038,-4.308713704801672,-1.363381595577511,-0.6905376936195047,0
-1.4279011371403416,-0.3682252752410914,-0.45973073137422704,-1.474751681289607,-1.302502140271359,-4.284661297244968,0
-0.9745740875948468,-0.8474296921179458,0.538806211751954,-3.1521117466503883,-0.8635888271723902,-4.5704646532213875,0
-1.7126092503960844,1.0276776748010317,0.13110209068591813,-4.325005003537299,-1.0922506666416854,-4.052772146144041,0
-1.0037860389808393,0.5919846851245532,0.8950086680601209,-0.562965294726653,0.016800784639394273,-3.3412906715245576,1
-4.2401239711803145,-0.9882688581768089,-1.7827047434480237,1.4125001422684316,-5.000003321093211,-3.558130863500401,1
-1.1110975660764693,0.9034490360911002,0.060608835674933005,-3.6724619027033087,-1.612789102234522,-1.5167116264186196,0
-0.9322993054360653,-1.0173336567547735,0.03240144136967392,-0.11399176401612632,0.4354545357322648,-2.4171562636991264,1
-2.701925977189293,1.726626506496595,0.10379718109609347,2.2854844338555567,-2.305606100188223,-1.8547984960843418,1
-3.284661073940518,-0.39643582943141487,1.3966284795073118,-2.009998067424111,-2.481543141316117,-1.81103841852148,0
-1.6586574029460297,0.18716402048616199,0.22992646789343035,-3.533758459124325,-2.737769382849371,2.095724792164444,0
-2.544385512762597,-1.3883901407716945,-0.2172836969368236,1.9736691619107545,-3.2759022838873837,-1.8298442817683296,1
0.6740529217952118,-0.39231476873390336,-0.42251273442204323,-1.7480799664384339,-0.488441376402853,-4.510678632322175,0
-2.247620224608033,-0.4972676139223384,-0.6409043492480827,1.7364376775465455,-3.6451685847111905,-1.605230563230268,1
-1.676516418917295,1.368129807708867,-0.3562902946047844,2.8519705793065278,0.6702861693685169,-1.0593638086225812,1
-4.708258801337594,0.11068240565582617,0.12569982217698403,-0.502485472428446,-3.7618020803141734,0.54959310785364,0
-1.0704672872049907,-0.41105779186704344,-0.1309492221844728,2.5882124992903077,0.19929641036265533,-2.5536783945580184,1
-3.0075475586408538,-1.7783509672653808,-0.6549459608026902,-2.1848790774033695,-2.51671630983999,-1.1617015876294952,0
-2.023789049817807,-1.2314687485942084,1.3074841895433447,2.880293555978388,-2.194455664605592,-0.9024942527399098,1
-1.0672476478583959,0.14534580275063477,0.6164364225217362,4.9067772404916585,-1.562622258077355,-0.5937620268355355,1
-2.5134719228233977,1.6216000997663216,-0.621627174035903,-1.0791595802087064,-2.3966345104967046,-1.577141563243217,0
-0.6997735537284111,-0.06700714194351028,-0.5713742214499119,1.1576002466631188,-1.664607625912486,-1.3679878882096483,1
2.3640982450654953,-0.35349544620168666,-1.0381691470869339,-2.8510904247447497,-0.0023532507987042983,-3.6165748630605234,0
-1.2575590155960934,0.2859186604759825,-0.8189966901586768,-2.6442815502917782,-1.0415638581266426,-4.421317736889376,0
-0.8972573806008324,1.0541286760189787,1.4935827693088695,-2.8964249099390846,-1.5178797412717888,-2.0297942431000617,0
-4.6437682480347595,-0.8343641789960169,1.1714263477638722,-1.0281846853465415,-2.6216877637356273,-3.6070228494038172,0
-0.3979466787158894,-0.07609676861195927,-1.217396118989266,0.8093454963257305,-1.3340191008416746,-2.2409934486285836,1
0.8798910604933243,-0.13404658325719543,-2.407344206983942,-0.8772373252560084,-0.4006941174741958,-4.957168896949072,0
-2.224497763416418,-0.8466117091333288,0.7312465066704062,-1.4277583541203884,-2.3361683231264205,-1.2767819036468417,0
0.6006350969479435,-0.025008706309041482,2.1056770663406312,-0.478492048696352,-1.2303826857230038,-2.1939941523616184,0
-0.7632476420842036,-0.5034210533268308,-0.14160981015580998,-5.063697489948755,-0.7349656002019951,-3.873276019604506,0
-1.3430369158995865,-0.16719614307235198,0.666166065471662,-1.3775308165733673,-1.5569183816534173,-3.1560453022208046,0
-2.552056997266239,-0.7820238651074395,0.00276183588393645,-0.6391947911091145,-2.6497541955345354,-0.8017424726093578,0
-2.2647622831312053,0.8537246722572774,0.23632590272777546,-2.4949521985309473,-1.7311992063102717,-3.1932417337245353,0
-2.1287134566342685,0.31206959779496757,0.14993167006339106,-0.9904957696001981,-2.6284359428333923,-0.09437110482299849,0
-0.03164376388603385,0.08070662638674134,-0.6311897694433802,0.1532632368919704,-1.2846842463733812,-0.6543205755033554,1
-0.5617210404703834,0.9425685485361891,0.8604560484222035,2.4468456312838867,-0.62207679432985,-0.272531270900769,1
-1.0384233343250877,-0.039004200618653756,0.2224341369699279,0.7109364071693112,-3.124993159374053,-1.9594939493897636,1
-3.0183738805235985,-1.3578224620375543,-0.32256478410197714,3.3285844322083546,-1.5832142482730027,-3.4799822433185197,1
-3.340803558074942,-0.6490537204283726,-0.3466533614301105,2.4442694136785446,-3.6900411305135696,-1.4106716832087054,1
-3.077598798256263,1.4461946654953937,-1.3888915541730793,2.6321834683784577,-2.8241325246781632,-1.9506803267108765,1
-2.2421140807915463,-1.840329036234172,1.6101715293786063,-1.1881132497632563,-2.1653671683458393,-2.105645557496101,0
-4.1617903185497065,-0.23623613149791714,-0.5280338385633047,2.229957112400888,-4.311946972263415,-3.285380274449511,1
-2.2112864117073734,1.4615262062765033,-0.872153679193295,1.8865023276165664,-2.403826482057212,-2.472522953354504,1
-3.9423254530051643,-0.6989504394636011,1.2522129097598176,-1.1691346743380095,-3.083820269713188,-0.720478207600739,0
-2.648666863462348,0.7757672174031766,1.3720614239496856,2.7261663311906954,-2.375336069336338,-2.873799570318547,1
-2.1537698492756254,-0.6582734432013181,-0.393757316473212,-3.7875224742589806,-2.163771560174372,-0.7129582656073112,0
-2.452533789119765,-2.517143142096245,-1.3577908952578768,2.6971932496301028,-4.80356378051512,-1.7442267984636988,1
-2.901127850305068,-0.4203951223616271,1.3626170266133677,-1.3513340262164664,-2.0031648741576706,-3.5757297792924394,0
-2.9095522117683115,-0.09843898615563221,-0.43396614207281087,0.8032434985955197,-3.007832743202783,-0.548856695134373,0
-1.937325115538935,-0.6642241813532244,0.8815997459782084,1.4788661596384478,-1.340395165287583,-2.1773574836374268,1
-2.3452874810310065,-0.13388892656571572,-1.006979473446641,-1.9022692474580314,-1.5073748486536944,-4.485669224356513,0
0.1865252049443984,-0.003507992008540084,-0.9700039675090428,-3.583268689723623,-0.6936464277748515,-3.4224605864746085,0
-3.1412015204557826,0.5301913073429116,-1.9584415421346377,2.9206858753244282,-1.2694528757587795,-1.9005968818083843,1
-2.600385886464162,0.7576628729399759,-0.007515364270778083,0.8774879631092074,-2.2309946590208884,-3.8469190386181715,1
-1.3349348828788723,0.11643824066339366,-0.1010387768819228,1.5955932407264606,-1.4347348593877922,-2.279328740699304,1
-0.6276258571344999,0.17259410391486618,-0.44272505218466185,-0.8569201419426244,-1.0766470014850031,-4.366271697087244,0
-1.6164851132520301,0.20764933540409175,1.0599405560591506,-3.1533499656150648,-1.5657722351619938,-2.626635557103638,0
-2.9767248593298117,1.075393445646077,0.3631193416713573,-0.9556966828159996,-2.987812137350959,0.0830827828921028,0
-2.6574192573172914,0.1744592948367024,-0.8362881187253874,3.557890578581193,-3.132598930393767,-1.5017571076487162,1
-3.3115008868283518,-0.6152291907079231,-1.641253202359863,1.7060170025944243,-2.6841971183795645,-2.4975462385307168,1
-0.7377097149160656,0.5363778526017037,0.36656575719312195,1.082085356323205,-1.7096630375403792,-0.8411300225603859,1
-5.432960920881698,0.33029086313314077,-2.488562261791484,-2.7833629265824094,-3.9083168627330087,1.239259665522514,0
-3.3340620609461,0.4383825801284031,-1.0317170119335606,-2.6084331567384575,-2.491503818565684,-1.5285618524276567,0
-1.2807714321354422,-0.15650703083537273,1.3083158308914355,4.010421332132253,-0.6874078322277901,-2.1205110012245343,1
-3.099790628629565,-1.4101410049803234,-0.7805400982293256,-2.2032842540893545,-2.4935253303978984,-1.3900985126568295,0
-1.98449099005273,1.4690233975407674,-0.35794383140131436,2.333845967012177,-1.6478346715864298,-3.0009315800115965,1
-3.79057898960567,-0.20462175126486848,0.004813307376784878,3.039112976259176,-3.4675366178005644,-3.3164433303298777,1
-2.9258063222223774,-0.18319391822192532,0.6511614606523132,-0.5206993914123821,-3.6592343209773954,-2.7455904641961646,1
-0.82726307088851,0.3224669010017471,-0.22306703548074155,1.2819865351832769,-0.8340952778836979,-0.7124999549143542,1
-1.118858708382276,-1.0071836938060397,0.16772582205122036,-2.3698954433375334,-1.7760399242022906,-1.4766435822444814,0
-1.6007545756022161,0.060321914532972226,-1.323271023105105,-3.4937387210512933,-1.7065940882927972,-1.9406767007095858,0
-2.5361215560274144,-1.0790755000679764,0.5891393590279725,2.4781041835879507,-2.7526354550965495,-1.1380798174221933,1
-4.499019553551891,0.3411273134397087,-1.2875190260592986,1.8631476094189217,-3.7143482532116874,-0.4494543529813544,0
-4.536700781316508,-0.8658664371290591,-0.7192433379629661,-3.2479057903554187,-3.0544810112914442,-0.6935216005256881,0
-1.1554197244141502,0.4455388465290052,1.1111993566532803,2.346664313722453,-1.9575470426755202,-1.2868178870564662,1
-2.2653620227407965,-0.817401811088721,0.4356749109059113,-2.0154522931727072,-1.4503611223100836,-4.477354520435762,0
-2.8972187082017897,-0.2714814676069348,0.15552242595499616,-0.6098642974031907,-2.143244522644509,-3.290849943428628,0
-4.222812424513563,0.26429782197543344,0.7251994726731844,2.8396177764325663,-4.09526306927789,-1.976620394025727,1
-3.7739249879314922,-0.8039723988069778,0.7460881195396843,-5.021929342984621,-2.5493981845696534,-0.8006818632063086,0
-1.3783646185054343,-1.748381656140865,0.13309373513678405,-0.12514627469417916,-1.929008315797726,-2.3227186399825888,0
-0.16521776297088064,1.765709266450403,-0.6278832144417893,-1.6929973580508504,-1.609059302948973,-1.1607620918736674,0
-2.5619646477264575,-0.4376082567569663,1.0587438299148093,2.467386325720895,-2.1426335856627023,-2.197700046927424,1
-3.393189617170476,0.9674877492386388,-0.5609352142237467,-2.0915859266835035,-2.977256105284743,0.005222212240337587,0
-0.7518391595717229,-0.9049146520560105,1.455060582481769,-2.1821320710402534,-1.3892311807420097,-2.6123161551581076,0
-3.037721502563035,-0.9731153602213203,-1.877442885236109,-2.447063260128484,-2.6117719551953846,-0.7747648894167101,0
-4.764357405147523,-0.6199341874048961,2.407377583931219,-2.192580896312739,-3.5066537431144527,0.28668922271967023,0
-2.195088579241888,0.042482538923175224,-1.0038910792188394,-3.0990502524150343,-1.6183477196392078,-3.2365780598530565,0
-2.0614963751027324,-0.7773900758589046,0.6933246903326009,1.4184264139820861,-2.8931183644653196,-1.640678722261785,1
-4.043928145493457,-0.7285450223200068,-1.2780584791178016,-1.4712720704598872,-2.637048483682122,-2.512517411378289,0
-2.0266617369483693,0.3712128680568303,1.1532385785452397,-0.5723646500278923,-2.1302272012024823,-2.230015154478582,0
-2.3384851615747144,1.6165704941174162,-1.0987024773847005,-0.5960051175146432,-2.6373652103751826,-0.6038208653251069,0
-1.6502549708362246,0.953671678165781,-0.044764807386507684,-2.4346961169277623,-1.1616500662698481,-4.663211004485851,0
-2.2133625540138793,-0.5589947278819981,0.3400593668608015,-1.7497171572681935,-2.519496238973611,-0.33285014830621606,0
-2.3610606636979568,0.5726081079140996,0.34869045175724583,2.5109936199461176,-3.5463922366742544,-0.8828763468574619,1
-2.908028464827702,-0.8386895237038932,0.4028217210829767,-3.1793471244528173,-2.504290116092771,-0.6675733834136359,0
-1.4704322538259358,-1.6523670157038093,-1.475037198340117,4.065268173028429,-2.752056887399836,-0.9650136546004089,1
-1.130077995586645,0.31353796728351535,-0.8814336084580743,4.276019523662382,-1.4729905261420786,-0.7784721155371674,1
-3.1195872169219325,1.0871951843953045,0.18183903720506076,-3.5433277002719588,-1.7233314197138392,-3.9184110599603614,0
-0.9799837836050243,-0.026636644445163456,-0.588236459587683,2.57621746002439,-2.6765478411862524,-1.2359153651882488,1
-5.7004243319182315,0.7579053961110119,1.459107157301978,-1.9700235112871989,-3.239634175575569,-2.1377402335851583,0
-2.3299203839452436,-0.560186525218209,-2.0224615847208947,2.814825071516942,-1.2238471783152107,-2.936733186420881,1
-2.0248805438699526,0.7828371647378921,-1.4397742131100844,-2.485992531572135,-1.9167814389151838,-2.151796089941966,0
-1.5956868127405304,-1.2915111010958051,0.42709731679166757,-1.7385900363805362,-2.1161162285720425,-1.10610098753431,0
-1.2273071628039949,-0.8313994672674534,0.6975866003471783,-3.9341060294293113,-0.5988509636530386,-5.573300327271255,0
-1.6384260477705506,1.5169467897086448,1.3511359132612295,2.225174663725055,-2.863673036768809,-1.2507492611695885,1
-3.564610883061268,-0.35884641691291935,0.05662845181217025,3.1730895334420595,-3.314783364212415,-2.9370660367896795,1
0.4019390520576511,-0.510334983207748,0.21174971808112725,-2.526521252541628,-0.5954969670105228,-4.033700498570026,0
-2.2176304894229446,-1.2960236202513922,0.5070812587595488,-1.507224410855247,-1.9457824831039832,-2.7352115795086505,0
-2.684399494148698,-1.8055572614170154,1.3738078274271044,2.6386682821654555,-2.3465431031415935,-2.1475868091180743,1
0.8369110229160643,0.15101229055781942,-0.28326750883946716,1.8829817114196348,1.1703538069776709,-0.87788259398233,1
-4.187285316208323,0.5718780661783558,-0.7487835886440163,1.2238613820270432,-2.024679754691181,-3.653904961875983,1
-3.055916402893203,0.22987220812393777,1.4798860999138403,-0.7764371180917238,-2.7603177604606075,-1.0125413050011032,0
-3.8050581519664632,1.3317569703945535,0.0438733598289749,1.7171404424261307,-3.088811216919317,-2.4426028765789143,1
-1.3546609445902695,-0.16850663093486837,0.1994879422774132,-3.276319741307468,-1.6512744036023634,-1.910430107222358,0
-2.625360298871488,-0.9343516085785111,-0.6662387242582275,-1.414656307099694,-2.6621035683099024,-0.46837629194574193,0
-0.7767083634056726,-0.24134377440650479,0.1684019569354735,0.8964509299834285,-2.509219109922628,-0.41457869530605596,1
0.747837610166211,-0.5937953222563245,-0.9657574156062594,-3.0171759922609773,-0.5282288188148845,-3.5971404704249252,0
0.35796484466238754,0.24324456985562717,0.7176907414394635,1.4850314243211853,-0.9121882899705287,-0.49167272130438433,1
-0.8221871289806473,1.2974214212897037,0.11434689130368872,0.06490378153551624,-1.8427918622312462,-1.4589026251959625,1
-3.900560971980977,0.019154915057859004,0.22970074716785507,2.6417321256303543,-3.30558902104156,-3.5398029448475845,1
-2.316711465842677,1.6405335708923698,-0.655578997329579,2.4633403450196876,-3.120611662876576,-0.7290930815852161,1
-3.11169903955392,-1.2567613448956396,0.5854907437496162,2.254602569275944,-1.1398316264497366,-3.021219261366974,1
-1.3948317761888962,0.2560548642832593,-0.32323796452209,-3.1787608817660695,-1.9122618379174183,-0.9879262513734393,0
-0.5866689296671035,-0.9033434862969979,-0.08922545291666428,-1.8025494614329025,-1.9624775414157147,-0.30258185028515894,0
-1.4026561490391019,0.415976621217802,-0.7979934021814765,3.1389812861514166,-1.1257897319168872,-2.337559359445074,1
-3.3407453350877656,0.9167449190592203,-0.6927314644886842,-2.5119665628414833,-2.0743121744671797,-3.1724486238611815,0
-0.17624665400859518,0.4049140989591295,-0.042335658198237126,-2.4606163156512553,-0.9317378184725884,-3.5623885811946283,0
-2.51232546015657,0.06681488317740555,1.0769228252928504,3.757853493435265,0.28540159246757435,-3.3609084100108912,1
-0.7037146063111772,0.27861919206591823,-1.4273335895154653,2.893766671473478,0.47314724790659834,-1.415961766332212,1
-2.161224797296417,0.04293224521441284,1.3446761201021329,1.7940374850945637,-1.9187991388314087,-2.3134554458113654,1
-2.8575319289272825,-0.7055540917782499,1.008001947245045,3.3845779304186623,0.041631306236908916,-3.6390924686358375,1
-0.8363599568560758,-0.14730039725501845,-0.5326609725087593,1.896594385150737,-1.0761740925116734,-1.2769358610814983,1
-2.0955061335321115,-0.20899996069373228,-0.6405294565074873,1.7181684202113903,-0.9719215638965735,-2.888344370583213,1
-0.7737569090682663,-1.3824599249460918,1.540785811994749,-3.2469472576143685,-1.468169764691121,-1.8530550643603356,0
-1.907294218107602,0.6647140863088895,0.09096897677540905,1.5089961379254186,-0.6236751403797998,-2.832646726944579,1
-3.690875261349949,-0.7054256480791758,0.06231564543053688,-0.7937306012675074,-3.1046366281035214,-0.4411488584738765,0
-1.3942048872779238,1.5511550445957039,-2.1663808434157783,3.169856649843194,-0.7517679562065958,-0.5169201574202835,1
-1.2029356226293677,0.2020209369900072,0.21494016993893264,0.893512785702343,-3.8173613583917536,-1.0086608810628133,1
-2.3546846966609833,0.6938784449806538,1.5960797355331489,-1.744308432483839,-1.8464127327339395,-3.2419515330865236,0
-0.17724745370346984,0.22650864967201126,0.2550533488895766,0.7296269386332304,-0.4929701856611608,-1.9770447124344597,1
-0.9525505699748427,-0.13678327496942902,1.0898355364504335,-2.217520218236429,-1.7261470862414237,-1.563169741563504,0
-2.8273676235760465,-0.013172988522326835,-0.19052836766367762,2.0078704081149676,-2.442913083735376,-3.5766290990306695,1
-3.157088477561923,0.5871376842128475,-1.1284736297475466,-0.29660662933173887,-2.3113695642811614,-3.137722956819561,0
-4.722405087070344,0.6546541629080077,0.18465277590460072,-1.7465652914424725,-4.0265582798615664,2.2449398077919662,0
-0.8349048585558294,0.7380803749096508,0.11088947888776789,-2.1782682914452587,-1.3517872986988684,-2.8640080882024783,0
-2.2690476439025637,-1.5649133692192694,-0.21719335006096485,0.014688762774320185,-2.3429991092891544,-1.9754657902978041,0
-3.2875545333106704,0.8328993285973896,0.25178770689393903,-3.285329461244637,-2.2121873427766876,-2.3044045066574865,0
-2.317505319966596,-0.26095483295925803,-1.2877754452982377,-2.23260312601693,-3.06574718571563,1.9060386774665803,0
-1.5458790597604164,0.8994350407557219,0.7445840271996791,-4.247278740318508,-1.3586856092953334,-2.8920644131089195,0
-1.771591605583054,-0.7670175269020002,1.4776818779376781,-0.2675732552417116,-1.525498151322697,-4.395421559940365,0
-2.4899886149190684,-0.9244972092556034,0.33016684119296735,-2.921745641915457,-2.1910099527505396,-1.491763789473596,0
-1.489457427014971,-0.596395217935485,1.0742676129098663,-0.8484044167435909,-1.938931360129383,-2.1002078992389035,0
-0.7086105158257818,1.4827147941724148,-0.48107355738448426,-0.3623605062188213,-1.8247042110709981,-1.7081049774980488,0
-2.575622841543682,-0.8056053984262593,1.0121364609085306,3.1520269501165528,-1.9074788117903465,-1.7152622992628648,1
-1.8079123676386137,0.937391149279786,-0.2233505408837356,1.0710281217039155,-1.081381351865392,-3.0248050745135275,1
-1.4907746011585958,-0.5745469761338794,-0.4198634610863194,3.1700146881096365,-2.93513958889317,-0.08017485061525487,1
-3.581382326309523,0.43388085090023226,-2.6267862573507106,1.9482566555420584,-3.856326173728914,-2.863777901001071,1
-2.9235938380642086,0.37427818048114503,-1.8385068318025504,3.653521137296649,-1.476744306603805,-1.7925320439819392,1
-3.2784822280482677,0.42530240422786164,2.218739677200842,-4.581516820544316,-1.8252514103412865,-3.1664701675508953,0
-1.5707422521878616,-2.5434981829554735,1.9871309706701052,2.8865306154984127,-0.6529791893262462,-1.8552982035042551,1
-1.0240056643258038,0.5196144598478016,1.6283459593913616,2.4102048219099124,-0.7466150168042025,-1.0777237823096986,1
0.4855363691524306,0.054020726047489774,1.3466658228367874,0.33513030885421147,-1.3269794875156402,-2.4205875996313924,0
1.3318906715151968,-0.7385354255011861,-1.0920457994509594,-2.771475360980595,0.07106516389207362,-5.330461022771379,0
-2.671747377661746,1.2319844712696357,-2.537388596069884,2.294465495134927,-1.5200406683271908,-2.400003170489567,1
-2.545103923036656,0.8663199502620572,1.6076409211162175,0.6651989682135115,-3.0645480532460443,-1.9799797301611808,1
-5.806029393446359,1.2706995850921912,0.630815849144619,-3.559382504309162,-3.106932659281682,-2.028027092123022,0
-1.7018754933267173,-0.9642946397563682,0.9358815562717159,-2.8893450464942396,-1.2890496216584313,-4.0135948498701,0
-3.66600554384471,0.21991715060593411,-1.3260950590468563,-2.849054959562865,-2.397749938821504,-2.3496868136248756,0
-2.1840069989458746,1.002085216590409,0.5171968345390136,-2.408367024782124,-1.8872388098886255,-2.5037304881174602,0
-1.941359424595652,-0.26899450730334135,1.565171932528877,-2.7534446386057088,-2.1070545851000206,-1.187709977337466,0
-1.793257957196985,-0.08456299914380815,-0.6722782721875988,-2.4302705051926505,-2.3414141918180937,-0.1436272028316219,0
-0.9425096175070575,0.5623166206232582,0.4172634478581861,-1.613672760969919,-1.9587187763871632,-0.921449703254587,0
-1.777071337396969,-0.46040661563924223,0.8647446916408404,-1.2799571997268404,-1.6079814612251688,-3.6114081003940766,1
-1.682179233701226,-0.9965927363229516,-1.2323211470374407,1.0301568931875051,-0.9188048932316686,-2.587228144582964,1
-3.202014040069542,0.7490898442530696,1.108788382475365,5.246838894536623,-2.007560439728018,-2.5975114557150283,1
-2.870884611630689,-0.5083893712580683,-0.6607420360353083,0.846627679446041,-2.779066072566923,-2.2468218769731036,1
-3.2280693652386496,0.935392053798128,-0.2040932970155869,0.6326720352119284,-4.3364826197676205,-2.8067720109310867,1
-2.2424584472198497,0.5690792595356432,1.2325248831179065,-3.1790198346325163,-1.8399106527363178,-2.4837675588669863,0
-0.7214163674818312,-1.6646097350337665,1.6261427987831114,-2.891187959123516,-1.192729404621867,-3.0602504352414734,0
-4.575985063963609,0.8375078724832392,1.3068740958752738,-1.4783211255000617,-2.906438880914442,-2.1760605114754954,0
-3.045049016517172,1.3493250629458442,1.661441013728396,1.240054775972232,-2.4770666196981073,-3.2105633848535975,1
-3.186539730163857,0.0438749637607155,0.3786662342514116,-2.9195027363512462,-2.5747791642341014,-0.8910288633684069,0
-3.4217891279603476,2.2567513964341175,-0.30742344459825993,-3.5964868804451395,-2.5000989605903334,-1.2143198399870065,0
-2.991764499056575,-0.4329008187851472,0.314448917351962,3.8039708219408768,-2.0300473573177045,-1.945489783028918,1
-1.4698886161127103,-1.0369510059749418,-0.04820608148706246,-1.8584048445706884,-1.3143970305733967,-4.034812424329459,0
-1.097231687539415,0.3157358988773569,0.3056292304581544,0.18781950961633442,-3.651905711621331,-0.5676000909022683,1
-3.6146235530306488,0.8735164244697508,-1.4922687866598638,6.257002037815756,-1.0647389850772444,-2.25297529330179,1
-2.5795779793146956,-0.02809031340802223,-0.22012368028997004,-0.020024323587195303,-1.6889546836413345,-4.995975996821944,0
-2.15014311828957,1.2431834372143582,-0.8988131880349017,-3.789342459345237,-1.3956338678298046,-3.70332557577735,0
-3.353515768145045,0.1130961378202375,-0.9393267378659398,-1.595693404865135,-2.6512523329898867,-1.4579499469133417,0
-2.4735206811530346,0.6544924900712037,0.005833546665433634,2.5316696451415,-3.44511457072828,-1.512917007046383,1
-3.151438417293207,0.4486897683389067,1.556049439477057,2.3772277696970097,-1.5956118782773612,-2.013012326913348,1
-3.5637388459813906,1.219503568712245,1.036201832131722,-1.7380475311194679,-2.6044937056492055,-1.8932473882774292,0
-3.2279831896495574,-0.036595862562551394,0.35597712395974557,0.5901555097048847,-1.8254682789632024,-4.347415895582403,1
-2.1468694897433642,0.8100806519091857,-1.0778741029687253,1.2466973910326535,-1.9386499904341303,-2.4865080768048933,1
-2.356189602589587,-1.3760422637893543,-0.33960163448836717,-3.169468470811794,-2.2715908335964605,-0.861442298028924,0
-0.7227508472241715,-0.4731700706360385,-0.030570163417495192,-2.4574734415667985,-1.385571450732869,-2.4915977702864978,0
-3.3690749901362427,-1.0170366693914479,0.9412578547947976,0.2349802454430907,-4.813276202647925,-2.3696930993018688,1
1.4962133553007675,0.031022936999807037,0.6235221029507587,-1.899108946029878,-0.943805449111053,-1.497676965419144,0
-1.1223595363141867,0.8645299085407953,1.518886581452663,3.0421931695134217,-1.803117624270885,0.14595233211291347,1
-2.6705027392078002,-0.8009807933177084,1.5064217220015799,2.8147407524770336,-3.6082028946352787,-2.2172735202857474,1
-2.661742723343747,1.0545935162270592,0.1989026621503274,3.2108917881379706,-2.7346242524952653,-1.301674559987679,1
-1.6178745079250527,0.10393883414889918,-0.579052547947254,0.7391675418527983,-1.017491605939583,-2.4288383611663735,1
-3.952342383002055,-1.880443055124838,0.49317200320172117,-3.431493138106877,-1.530024934370451,-5.793135918491094,0
-2.6663531697202516,1.4990344046594257,0.0004212592371184664,-0.8814736808364945,-3.0660885156307254,0.7786758359849473,0
-2.2991831698519998,1.5457122976592172,-0.749143264693601,4.702645279661013,-0.7719134431716617,-2.0383270256219546,1
-1.8808567476068188,-0.6032078961176216,-0.6365257231756023,1.6746828473895774,-2.717674256124807,-1.1919071348374937,1
-2.0076390547515284,1.0907235861498341,1.290515418870559,4.591529957286772,-1.6484669293876628,-0.41255034070291874,1
-3.424520602524204,-0.10412415422452258,0.7797554962888209,-1.6644939156082907,-2.2631062049545894,-3.0312782142921035,0
-0.7175128873917485,-1.5048759928291267,0.12598395444891058,1.9465451801802316,-3.051524414358771,-1.6818955269915163,1
-2.0463668324998285,1.669228754640302,2.4344086332376818,-3.5057719096735536,-1.8112516750846228,-2.090711701954013,0
-2.4680948857380907,-0.8600133615785398,-1.030014575863108,-2.499102695913769,-1.7723161293179832,-3.248633840790056,0
-3.4175978513110374,0.6157007293625533,-0.5651736316059788,0.6536814714755668,-3.4140822216145295,0.39535762050169376,0
-3.025063283091815,-0.8859543132945961,-0.09117423351856317,-0.5402441877007194,-2.16228703325108,-3.4400771743802943,0
-1.9931182897085877,-0.036813506178282614,-0.19847651507575567,2.038595237186958,-2.177285095256714,-2.343943283325924,1
-2.8672280893361455,0.18481327076418536,0.4604197294400478,-2.2178437478406656,-2.3131202655292453,-1.8981749736847509,0
-1.6714822335598338,-0.7093787075578609,1.876173413227712,-2.677180402844328,-2.5962455134268145,1.106401787997965,0
-2.0494382461027296,0.20664643809833885,0.7384908326063404,3.175911294154484,-1.3120060314529298,-1.3571442016001192,1
-3.006076670570022,-0.7931253451671499,1.0608136862553892,4.6811900116877325,-2.813193796776499,-1.169249633411901,1
-3.382084814878986,0.1609789471789995,2.533516165346526,5.456536377384966,-0.11628175594265633,-2.0076828895338084,1
-2.1080905883124346,-0.3242360108482005,0.8029239690806602,-1.3999068139034732,-2.412174730677172,-0.800540145208249,0
-1.2498073644665904,0.21923166775497352,1.2892698627156363,-1.20266648580463,-1.6520588995327579,-2.755576625651356,0
-1.4298013232435176,-0.3453931546700472,-0.2748987578856162,1.4022166661056308,-1.1693916035931102,-1.9100196646155454,1
-2.461747580876178,-0.878270073673366,0.9619566195553785,3.039717510969573,-1.5394810440881828,-2.138323150380935,1
-2.0866051209919214,0.4753660343472122,-0.14634235365483608,-1.5768501315183068,-1.768401067546297,-3.2367370637342425,0
-4.790893509005684,1.1145162842184595,1.113948633215661,-2.7513098613585454,-3.0712971171555132,-1.1481123958846498,0
-1.6706753712576086,2.467203710812492,-0.9923582864905137,-1.5806258889595597,-1.9757605181370095,-1.8235322286861904,0
-1.5724996862835696,0.6024660957009005,1.0418521437480288,1.7140827695524077,-0.07780033982451684,-1.9502968876192155,1
-2.437511706734402,0.7260034325676684,-0.9406448976409142,-0.5885116386288654,-1.1433831590090655,-3.167214186268634,1
-0.8898872249957981,0.5198648520122691,1.9436030481831703,-2.6205470380772975,-1.7917767076755213,-1.0645549940784975,0
-0.3616334420608245,-1.0954334572945867,0.5460735131371113,0.9207634859656382,-1.8269433661162529,-1.2610847598456423,1
-2.7526251359546183,0.23958888072416873,0.48415911893295277,-0.5724950151618948,-2.368684123093421,-4.520258699041651,1
-2.6657947068451207,1.1841725276601456,0.2997745637215646,2.2863936065576853,-2.474427011763288,-2.6442975764006027,1
0.01433004018457762,0.697065274014387,-0.23916638006903776,1.2361653847282388,-1.1036612345514796,-0.2720886130320035,1
-2.8561530211767803,1.4475869245124284,0.10617496974650213,-2.547322461568509,-2.159066810137358,-2.267515815415509,0
-2.856795995464843,-0.6075263423464762,0.7607696419593537,-3.065109837426644,-1.6404258531429545,-4.06153903933901,0
-2.675198067504141,0.19356939925357777,-0.6026858478277888,1.2113661105248439,-1.7170933139259725,-2.524654869657254,1
-2.5934715361364047,1.3693876725962943,-1.760578594241603,2.9979992851023023,-3.2113616603573165,-1.595911011144157,1
-2.614577244082944,-0.897046430645255,-0.6730468451270122,1.5561880775532186,-3.7040151925759233,-1.5753825828154382,1
-2.117722326369599,0.9262443215248913,-0.4735712337713081,0.4957357235306663,-2.506410739741559,-1.3255002069161175,0
-2.6604920427379737,-0.21754074858394365,-1.4890003551239719,-1.7005721972581067,-1.8566817625583059,-3.624943357234006,0
-4.157470623941357,0.4615124050158089,0.9034807085406811,-2.7303411482505684,-2.702639961362752,-1.785038695928276,0
-2.253459945562466,-1.085456076896216,0.7084210428945821,-2.651323087167098,-1.678849498886824,-3.3321193260166235,0
-2.3152355479720197,-0.4746977696370589,1.0331185153998403,-0.7029000116092088,-1.883567391376911,-3.4989741951907574,0
-2.8356074968091525,1.6083893113571923,0.3549682547576656,2.4338880109128667,-2.3155416792846877,-3.0657227216104657,1
-2.9250085689853216,0.2926513874005982,0.00799689961726585,3.7535553029413635,-2.4541601103372326,-1.4531265849417732,1
-2.5033976632086787,-0.7631488231437142,0.13575387991766508,-2.261618250786169,-1.9877523452339056,-2.611864954718428,0
-3.85509689736332,-1.567329153524528,0.3783471956072637,3.033418887368869,-2.4671670766988356,-2.9549056126594007,1
-4.673108472273188,-0.05461267405809275,-0.23989891708016095,-2.2329488682818743,-3.207687960122196,-0.7229996377114973,0
-2.939036892785653,0.6392695378569174,-1.466207830896165,3.2612132104649887,-2.0130523765523556,-2.242175193708646,1
-3.52133490053051,-2.590545973120058,-0.0489651890222238,-1.941699676975934,-3.1578265818537212,0.45855462346223286,0
-3.8173751928123876,3.495877789600099,-1.4634059584266885,-1.293597128563698,-2.5209601215093778,-2.7633433879363967,0
-2.267920159104421,-0.002166453227886297,1.2720589823398831,-2.9676499035238835,-2.3956278279790286,-0.3290170585007599,0
-1.8396324734346083,-0.4283452397058618,-2.0469346867227998,-0.2625023359469565,-2.633059688728372,-0.8305256744308271,1
-2.102509450347329,0.6967309092318439,0.9890742106954769,1.911050138207698,-1.7865415056007623,-1.8930156126134299,1
-1.828266190715255,0.1317198895343158,-0.8988606069585929,-1.9719114161430422,-1.2218179368473732,-4.8924035115826126,0
-3.276148068364035,0.15161882736063023,0.025426702611634773,-1.3831091295778015,-2.767712083316802,-1.0263451313350185,0
-1.6935426835740612,-1.4187085375474735,0.21364588151247146,-4.773090478321745,-1.0594759636625994,-3.919757597758249,0
-2.156714161156228,-1.7649203841448429,-0.29384703634710596,2.361193031064666,-1.488237148906536,-2.001225969286075,1
-0.724436787219175,-0.32483237366931933,0.6563574506292909,2.469824397396283,-1.3667611705120155,-0.8919140776706598,1
-1.289619422305632,0.18780254789108838,-1.593717015351033,-2.4152270185878146,-1.9162816943374628,-1.1607686942079667,0
-1.1266093462004187,-0.13045986903936505,-0.39530547743974637,3.4067585011801924,-1.039554945993581,-1.3852819475203237,1
-2.3577832608532345,0.15744792496076662,-0.48635689354981293,3.3854182569390305,-1.7181955139730243,-1.6870854143307648,1
-1.8106480828913232,0.2662837304486303,-1.8087470156422523,1.1954930591434998,-2.284397893578813,-1.9027527458769105,1
-1.3281921849886271,0.21345301927981047,0.8287094352199172,4.544790989065056,-0.4943240484454492,-1.6330123067988964,1
-3.1295672895211695,1.1408554956216552,-0.01849258839304812,2.9341230307963686,-3.2234298660713825,-2.0803474477213495,1
-1.4571191737179885,0.27319919902204376,0.44319865991572976,1.6630817475837238,-0.547491527834135,-0.9292251826941018,1
-2.965572956179602,0.6170301703206962,0.3673886906306303,-0.4957594272332344,-2.8239472744064873,-0.7513876399898234,0
-1.6018164068581369,0.264644005121289,0.9481214391006447,-1.5963944233136542,-1.9157328105931315,-1.9963845813688732,0
-1.3995467261753134,0.37348118773216055,-0.7087850802465393,2.8044725230613547,-1.6754808586190566,-1.2886681986808162,1
-0.7453090666241984,-0.2637453878486052,1.0026509129878278,0.7894524611113753,-2.3828172082588055,-0.8025867879211916,1
-0.9911080155549894,1.2084505080181531,1.7028270060092783,3.092819764813689,0.08049854159759873,-1.2075170010879996,1
-1.4468496736473144,0.389600394794567,-1.2285985157038086,0.43335287257135824,-4.285933679981829,-1.9356388756535645,1
-4.239151107653575,0.7012555591767271,0.18160906625350978,3.3541278145291056,-2.5202363902405875,-3.5897657351805385,1
-2.2959886525171753,0.281735063829374,1.5683392760301245,-1.7855723441711528,-2.0816471225571536,-2.1431458486212978,0
-1.1841458235432012,-1.3454848362522223,0.6820595085768006,-3.1232863381761424,-2.44330967708563,1.4113075235145587,0
-2.1096346259999534,1.3668364606054457,-0.8442790185229957,-2.2638379070893704,-2.578751623737891,0.26236524875181155,0
-1.7066547345826126,-0.05653974398173432,-1.3022392090163228,2.8190430187451345,-3.1007395683106944,-0.9610338533158789,1
0.687604755437695,1.3669904326788433,0.23320596398520743,-1.423192839778816,-1.2214114453416713,-1.7411978274801037,0
0.07810132978729012,0.13829868978581025,-0.33991450576921695,-1.314236764719206,-0.7440644082131327,-4.481941628016873,0
-2.8590780453054934,-0.5030805391046554,-1.2500684892063942,-0.8667566525301384,-2.055158197705619,-3.5327037881192505,0
-0.4152627346124895,-0.6498214781408206,0.1339599071656446,-1.7558467702420153,-1.050440352762693,-3.7243194795966907,0
-1.8156487669403576,1.4617381335348938,0.16105147859658853,1.6025051727831885,-3.4866075433881845,-1.2875467216576548,1
-0.8296498908555932,-0.48839173081703213,0.4201179982519729,0.1851309540813193,-1.6407618819127678,-1.176327492467072,1
-3.7356709208658136,0.9830827052059001,-0.30872115327850763,-1.2688294569693506,-3.0297579632393283,-0.6154096401348315,0
-3.7872878705823365,0.1546084295207779,1.18004536881117,0.7097643840635424,-0.6986403520146744,-3.938707312652676,1
-1.542292844418389,1.705642942525445,0.11924332929589004,-3.4741051631220166,-1.4837597235760134,-2.746309658080099,0
-1.405029426179793,0.20205461602564603,0.6523887162435664,0.8912254368608385,-1.7404094112519886,-2.3736726979049676,1
-0.7915373464891837,-0.37732151011826054,2.0258070919112505,3.3086422467080325,0.25705300627054717,-2.3010737832508203,1
-2.5213097351881,0.41886474740898055,0.8638798216688371,1.2371635626566944,-3.236750866189052,-2.441107695751651,1
-1.5348217549200238,0.31170180213121856,-0.44876822448863096,0.006759736857909093,-2.016394831758955,-2.280854306429521,0
-2.265069903753087,0.4603298731798137,-1.3495488481743696,0.028033098364990572,-2.5312172461781826,-1.2218576855673655,0
-4.169691117021939,-1.5247054499878059,-1.3535598561343933,-3.5749922170078814,-2.5290654955820977,-2.1608805618081464,0
-3.0239883635121645,2.0458172880882857,0.771038919953255,-3.729404055989432,-2.3633954747264116,-1.114571538060737,0
-3.1610243468845938,0.7372913165470523,-0.1586166770513216,-3.586728190262762,-1.9668329295338547,-2.989361834886561,0
-1.8715300576205078,0.768179564462847,-0.33317166483092703,-1.0997834968695313,-2.0002709427298915,-2.2409080273865065,0
-1.403032213766692,-2.57388211506442,-0.2543767758055499,2.1840098384195565,0.5121685677470902,-2.2997379795205894,1
-3.317280796036113,0.18971172872552536,0.9016109145684073,-1.643099854852322,-2.27320413576514,-2.8694235965010124,0
-0.8668036838828026,-1.6229275808300976,0.35343086648641237,-0.35409783128982486,-1.7252744972682783,-2.292333563375702,0
-1.3261141003704557,-0.18533712281575823,-1.741069310062649,-2.1572440091847738,-2.1224494323084664,-0.5033631735616622,0
0.0636226035958245,0.13727613567828928,1.1622007890407522,1.9129170403446203,-0.22110761078887142,-0.7386494541905151,1
-0.9087875035302251,0.3597367643574598,0.16870626109520295,2.6869311643938425,-1.385767923636659,-1.1102822040214342,1
-2.2806246761340025,-0.7674210000716748,-0.8763847334453033,1.3613804397076226,-1.854775393155859,-2.5848918297520216,1
-2.2099429315836745,0.0695480877572431,0.7225885016201056,-2.782916228634939,-1.9370378898393519,-2.1947780203574374,0
-0.6684972598750007,0.7018492854920929,-0.06195274609809678,4.2334140074530495,-1.6503927879501035,-0.11938466692271743,1
-0.6707025357724667,-0.35504864437215156,1.278329470318716,4.300048092403601,-1.5684902237735603,-0.4261818045357486,1
-2.814947045287828,1.42025693244196,-0.5347156078106451,-2.682958200873034,-2.49414797343982,-0.7585095967315718,0
-4.170016901154159,-0.004824621905130248,0.7730133622538113,-3.1131674419861133,-2.2978629534760047,-3.279025362334144,0
-2.1916321533972223,1.670162587348925,-0.4358189771662314,1.9630240451268715,-2.0976855143911615,-2.383616725759061,1
-0.3373566595609927,-0.304804089517739,0.7389154710436832,-1.0087333707784243,-0.2662754840269921,-1.9071886551311317,1
-3.363733348828195,1.435435785839352,-2.209351605823344,3.1635946609717975,-2.393825420360675,-2.7661066821541525,1
0.5075255497217124,1.2919466965668656,1.3488294204391502,-1.7842310228446445,-0.5634626818520587,-4.419574869346874,0
-1.6564542267062319,-0.41138983002749074,-0.4840496363870183,0.3514575031353997,-1.2813432977845602,-2.9273572814864317,1
-3.287125502857624,-1.7581930072759717,0.6384509351645649,2.9513918928002383,-1.3923122016611662,-2.4607638997864534,1
-2.941072532066466,-1.381109755914747,1.3851489252123237,-2.8381228670481113,-2.8567854605141516,0.49757167062450547,0
-3.449594109510042,-0.4177797974317798,0.9422381514973616,-2.313489874120815,-3.3446829708032197,1.5239088244393835,0
0.2983712664358191,0.5821670444800581,0.15716234986881794,4.83083514513414,0.5373107735119733,-0.13452299578125015,1
-2.1141092962505117,-0.18078436389549102,-0.30656944713385026,3.0091774269145963,-3.195198537767316,-1.187030676426704,1
-1.4378158122991813,0.13315121142428596,0.301420515516767,2.017422484846955,-2.334554676661698,-1.083564717145351,1
-2.9858197381333498,-0.7290791631026989,1.0479129691305784,-1.8126393567401329,-2.9618756062309637,0.365794804900768,0
-0.9861088331258017,1.0641141833347134,-0.09938033012642304,2.6050115073586153,-1.758238699481688,-1.1303698689578987,1
-2.0931326580947536,0.8395935456672053,-0.9688316315467529,0.698186748634763,-1.1059535733005905,-2.5491431309258568,1
-2.6394003161145276,1.039395053042138,0.49666473422737467,-0.43626577326941707,-3.770610552103565,-3.0002425093359895,1
-0.41529591061041926,-2.3216304066999154,-1.0656997173554419,-2.9613687143911163,-1.1197847988349692,-2.903128001429544,0
-2.323999269414218,-2.1654815857130014,0.3046362963480508,0.9172663177630254,0.038108352243167776,-2.579988314683699,1
-0.8419441764253583,-0.9123874525123897,0.1884677290662768,2.073135426586829,-2.1227160398200784,-1.8364367329398295,1
-1.8265703963380926,-0.8135437543979207,-1.9355846795170613,1.993178179533697,-2.997782080490592,-1.3401157769097893,1
-2.9108144560481657,-0.6809510758067541,-0.9017815867008206,-3.134111674049498,-1.4751317896065914,-4.749160498479512,0
-2.5391431719368422,0.25386120901458487,1.5689344956774955,-1.2327312757424742,-2.444063081665772,-1.318802588879762,0
-0.8850634701242912,0.42962494063367457,1.3651487618920815,0.6664356329393517,-1.43800659026948,-1.7685213562577973,1
-2.5234571034499282,2.289805797460459,1.927569385178195,-1.6877103857959395,-2.2271662265934093,-1.9245991392564716,0
-2.8553907405621706,0.7941400600761793,-0.2202546014960882,-1.0027483083165092,-2.042965792056399,-3.512241699587563,0
-1.6172351986815063,1.8823618585134785,0.7863127098804469,-2.7835660590679563,-1.835084828792811,-1.7439690312365195,0
-1.8854814069661894,-0.42850000482208533,-0.8204680929130882,3.002619637010384,-0.8075948352625786,-1.7448635093395208,1
-1.0343835736164266,-0.8366279292906311,1.5832255296925064,-0.5018311240546722,-1.8497390827776181,-2.0092463110633143,0
-1.1274662684048085,2.188056759288627,0.5319906076118036,2.344713269879899,0.04239307741093423,-1.5084266612815034,1
-3.2516312483843666,2.0773799955912433,1.4212829829524993,3.089650680061652,-3.233026175570342,-2.744700394119186,1
-0.04431720526034488,-0.0486068948728155,0.4486131033181622,-2.8723670603814266,-0.6060467780670198,-4.537920565944726,0
-3.2847742488001614,-0.41500158233511925,-2.5297162106054607,4.00532934894107,-2.7577575306050752,-2.8280173103960133,1
-2.6375367771612117,1.4344668693460538,0.25713065241862126,0.9468571413433813,-4.913879259644778,-1.7253215722762747,1
0.8086514400439331,0.5032846688166488,0.8130736316294986,-2.2840667460815958,-1.186327007805936,-1.2137715684327157,0
-0.9707188496337786,-0.3247734732791751,2.3003956426851713,-4.218731200583428,-1.3185262131812416,-2.2669038923636826,0
-1.79706644526116,-1.1859110092328462,0.34489700824991926,-1.1396095452408561,-1.8263522322816677,-2.872645333931823,0
-1.2698604851665065,-1.8795606280100219,-1.1890728658038474,-1.7776602742352452,-1.6392589364924535,-2.494032277640966,0
-1.9206812606032981,1.106850182189822,-0.11405917237235645,1.7134753580094721,-0.7873114426794412,-2.4484060816351065,1
-2.847411272105174,-0.38369041958098427,0.9540138158473067,3.381242297639101,-2.273275460235135,-2.0304076569905645,1
-1.8346610528373124,0.6776396884833475,0.7905013606617233,2.620103657053367,-2.155734503834635,-1.7431122165136446,1
-1.5842002497096526,1.0510951206993302,0.8207593039813063,4.5852493711421065,-1.5853820821001015,-0.8691558668905786,1
-1.5955048422473452,-0.44415535763277153,0.32937314558352676,1.2407353965661727,-3.2393891837196023,-1.3944039412478648,1
-3.787576990533834,0.20526689360108463,-0.2622960121898327,2.466939525528825,-2.4290254560635773,-3.4464640413469185,1
-2.529735018126557,-0.4193155453317213,0.2490116763645237,2.5567437144918577,-2.876753215001577,-0.8699933575651464,1
-3.32816093260809,1.2914035482160082,-3.3868137614883,-1.2865227919170927,-2.7198664893578837,-1.3184515528075638,0
-3.919695404478788,0.8011640198239227,2.11087263702428,-2.5021034182671897,-2.9975574515916996,-0.4601833681819534,0
-1.922200565698062,-0.12818546958576715,0.6597211996563939,0.7318153156636988,-2.8241839752612234,-2.1397555245493876,1
-2.744206451611259,0.5603064413231057,-0.6156286744975648,-3.195489569902596,-2.6255809662887306,0.04228317292888972,0
-1.0760001890380444,-1.0992282503581436,-0.3518241723372218,0.7852090730314507,-2.336539641343762,-1.7269174071797972,1
-3.495684866470889,0.34828933009975854,-0.7324684570116543,1.2835497452434868,-3.3689204198523974,-2.6494133954160217,1
-2.0004003567729067,0.597731708113624,1.2999740467257528,-2.335969051812964,-1.959717408524139,-1.990247197588513,0
-4.036297382006289,1.68354649877845,-0.5271213854151164,-3.136635597840466,-2.4413704249318364,-2.5104276938013323,0
-2.5755534827469146,0.35034177922839693,0.29785609420602127,-3.3216335261763232,-2.763864932429983,0.8230291398621152,0
-1.705176786633451,-1.2181079715493217,0.6535019520558621,2.1303737324851904,-1.5911864792988903,-1.1993352246052382,1
-1.863558268600048,0.5980576964529088,-0.849386915155905,-2.0161612803558793,-2.0673654848007352,-1.5482195792477944,0
-2.8323318043734655,-0.21795205326864608,-1.110652196249686,-1.679473549041875,-2.459485760319418,-1.4961577977160698,0
-0.5572226945142396,0.34981234254886373,0.5770258266684529,0.651691981889603,-1.260445080681908,-1.842498997400638,1
-0.20922681466347082,-1.153623990282676,0.11362445749432701,-2.0477676724521015,-1.022774174315268,-3.416367210541203,0
-1.6450080040230832,-0.5572803003627007,-1.4568378693933226,-2.9692893644996294,-1.5122653910503239,-3.01766273095011,0
-3.914069247549316,0.7469234690710594,1.9564182531884509,3.0497011610348532,-2.181376836470902,-2.7966278888346716,1
-1.626350521429098,-2.0734208889363828,-0.42905192684785065,-0.10298963358955504,-1.822142032731875,-3.077537235680338,0
-3.1208319762057872,-1.6999597206830213,-0.25939175593725616,1.592240239750673,0.545310834914202,-3.7405872139676983,1
-2.130727653883212,0.09430857892896574,1.7274827380309878,-0.05179681448887452,-2.221859234541388,-2.548065357229418,1
-0.9680612561983282,0.23394745213453977,-0.38267843755186814,2.2332868687310174,-0.7068887453048684,-1.2227094476888412,1
-0.4039965279031781,-0.16577119760145495,-1.0817474872988404,0.17408154803550047,-2.8724785755122557,-0.9452381078757455,1
-1.7437555640540365,-1.1230605601445518,-0.3242248189982904,-1.5347935741744556,-1.0080895367927498,-5.756124546816419,0
-1.439684684926172,-1.6550629923331868,2.136559128802725,-5.387336373646807,-1.3079018429705134,-2.3928632780199424,0
-1.8807562532974227,1.8967381819965747,-0.7231156306389472,3.9238592836621073,-2.3366659426604723,-1.7131057495010493,1
-2.4645906169429006,0.1849008169289769,-1.0529650784003068,-3.8742936102318,-1.9269852446434725,-1.9611100049349484,0
-2.8545139256332344,-0.7705679143861808,-0.40073556918739084,3.539159676772254,-1.6536283123144333,-1.8712330847906604,1
-1.6072761550529322,-1.3767297025036298,-0.4642210974332259,-2.3102272418769196,-1.0820421562771323,-4.973713116662603,0
-1.0866064546662293,-0.2548998448684591,0.4436139226821785,1.2331978809604482,-2.0882963508783043,-1.959534724518576,0
-2.45763668314832,-0.7960160652158775,-0.5596626897839663,2.010813847452961,-1.1287277459341047,-2.0679068309157627,1
-0.8037606149671077,0.47047365611673203,1.9478167872543153,1.6167281075331386,-1.1646461368457666,-0.945392876882639,1
-2.244282012077063,0.8510692140206136,1.5005713689626685,-0.07150075386225785,-3.9577597089759182,-1.547827043416092,1
0.34178018752050976,-0.2458499789779966,-0.614236618548697,-3.276159712788785,-1.165402116398375,-1.5149125653398656,0
-2.012308069336004,-0.19081740545434528,-0.03687956134379011,3.0006447564582017,-1.6633329700179837,-1.239072826070891,1
-2.437258701123776,1.058504300451178,-0.48037749098032195,-1.1844372744794738,-2.382079081956334,-1.4587379756880696,0
-1.0434949721259188,0.22630093482186714,0.4274559249951163,-2.5993377817504353,-1.1953528377914573,-3.622458095635597,0
-1.6247628145329183,0.31304970991314623,-0.03765994352544069,1.2739919277603298,-2.6429845856842427,-2.352739106345209,1
0.6976193365494248,1.4703207720364857,0.3254317585362977,-0.2886258787898619,-0.5119157007941677,-5.077018430452339,0
-1.6770013832614143,-0.3548073501842204,-0.378295274261212,-1.5201531708356326,-2.4427418143399313,0.014211224227936192,0
-1.704322191538994,0.23374717642291024,-1.0719749162741792,1.479756381572833,-2.066844470051448,-1.6801180110461795,1
-3.1223583747679764,-1.689058449328896,-0.7193199901295528,-0.07734259088375683,-2.775902822575765,-1.342534224580188,0
-1.9825542871779729,1.546090168234707,0.8111432591099114,0.19966500939314025,-2.321895232195901,-1.722076165888737,1
-1.3852569151738887,-1.9334411067859811,1.688793913309905,-2.7274986749984076,-1.140601219671895,-4.259239348875317,0
-3.469591635359726,0.2180755086527237,0.020947365525143383,2.936531058961869,-2.472108382953895,-2.2478707181619844,1
-1.030107520230705,-1.0845337932920514,-1.0162491744582494,-1.085983422768627,-2.072052551466986,-0.8316794130881893,0
-3.790474445015122,0.6481372699075333,0.7558549597599394,-0.9569286152071699,-2.8973256073197304,-1.3525943310368835,0
-1.8202882627274095,-0.9962320562225203,-0.06154327388004871,-2.4485044419288853,-1.8572420621789034,-2.1137445471147918,0
-1.6043866372252957,0.8842423057738108,1.1698009525885504,1.1550908341027215,-2.4027801577616663,-1.3466706069519412,1
-2.3594991968404524,-0.7573105136779609,0.6480883646604091,1.8313952152468425,-0.40875337193692873,-3.960932598564142,1
-2.1526629216707835,0.17218409224015727,-0.06791473756253315,1.70013163570014,-1.8001047331790583,-3.1730772778465703,1
-1.0183965990336552,-1.4149758718760481,-1.2998942792963248,1.1517430945708753,-1.4011905774495435,-1.5702827495439566,1
-1.4208579803403825,-0.6473154083300372,0.21899252333399247,1.2398770635708227,-2.1190228356001657,-2.144428961312864,1
-2.639443243431589,-2.924925179196677,1.247811197916247,-1.2518817020579416,-1.9636019799710487,-3.341355220732741,0
-2.538063450512453,1.2462673431229843,-0.5620903253041943,4.179731608920528,-1.760613326410903,-2.361739199314496,1
-2.395153544090475,0.2827886964836766,-0.29071074335321945,2.3357647099049434,-2.8078810438246773,-2.049863645380744,1
-1.9833541182700531,-0.7413932766302571,1.6608024019379088,2.920330969562656,-1.8149867728290705,-1.557888133077427,1
-3.253081183473285,-1.452795895888346,-1.3971579982180775,3.4328425790195536,-4.104431289727742,-1.6321264866633909,1
0.005909377529080384,-0.644386928798028,-1.9949452858132852,0.9990628443461631,-0.2628645919436525,-0.4422589327212372,1
-2.8388908748643247,0.3728329917986322,0.4705147617608019,1.7593382357257576,-2.7511599992076956,-2.299152852275389,1
-0.795986123372187,-1.2062713092828017,-1.2802684093629393,-4.4289745921884,-1.271615273453246,-2.094573408423853,0
-0.22390193760983323,0.2917303772534079,-0.18317826890522865,-4.555229082432498,-1.1311950706136225,-1.7970751505472906,0
-3.871694409888624,-1.6477981083840352,0.1694418308596864,-0.29863745048802026,-2.622851244941889,-2.8651014548850076,0
-2.6191712719750146,-1.7187508928621646,1.2749891193000438,-1.5880365479187315,-2.4020948743139625,-1.418347084644751,0
-1.6130332817007063,2.4793894187099115,2.2671801950982227,3.5072283766879946,-1.4665878202583953,-1.4368605768085567,1
-3.198545755999353,-0.9420659015623665,0.4540138017167675,-2.764178964162499,-2.119140438430661,-2.806802663439945,0
-2.915319459949761,2.0236005675424753,-0.2821000200372859,0.6408364879990374,-2.6044634469906316,-3.0443475958061983,1
-3.102038354619622,1.1219057109821344,-0.8184039305286839,2.368955436646171,-2.419962982455734,-2.6434498657094387,1
-2.3855957360864117,-0.8469123283169792,1.7198462111025852,4.673346961581478,-3.6589622199913956,-0.45332666633562746,1
-1.1765841573187252,-1.425593315478103,0.8129142448974712,1.7197873969049708,-1.0975932453912423,-1.7393396538323285,1
-3.9714852733687533,0.6771597120657875,-0.36536299077273116,-2.849113432624164,-3.0152921559669705,-0.21511468929363575,0
-3.3825167472723843,0.6714806010069174,0.661422784083347,-1.6627859481913134,-2.141774267526474,-3.4996767415340555,0
-2.0535746249954787,0.9775680321615458,-0.7528447693857241,-0.7676856137315315,-2.643598066552141,-0.09083562783336241,0
-2.4439103669492375,0.33014261578907306,0.8943678872123748,-3.3692666871008576,-1.5375365472844251,-3.7899230157436934,0
-1.4726745217014927,1.5609497990990675,2.035032701365911,1.4384942137514805,0.24038579878909427,-2.620540544213239,1
-4.091211800806011,0.4261195264046615,-0.18319134571712223,-2.7018403170675294,-2.853169551347148,-1.1336054943900191,0
-1.1316014238913137,1.5168128671298737,0.3578383486710236,1.3083276334996559,-1.5260061737974044,-1.539346973915288,1
-1.1188240366190092,-1.4869359725271176,-1.3985196480651843,3.9147093380697973,0.4488482193968686,-1.5995108092393386,1
-1.183063827997986,1.4567099500617942,0.3118141834772605,-2.1544512148610746,-1.819153659430596,-1.5910331093209384,0
-3.1801860808547757,-2.7610619661559896,-0.4167026002343339,1.0596362958759622,-1.165887492815255,-3.4873459580118267,1
-1.0959393224051441,0.9557079561210825,1.9190008932186058,-4.1252466861321215,-1.6581201068242015,-1.075804652785168,0
-2.2397264546100493,0.010175070741430444,0.18494228287440923,-2.0432508836839713,-2.368775877712943,-0.8818090730273875,0
-2.474745357172214,0.09626077640338242,-1.4438895774639133,-1.8897463558986327,-2.1033719981272894,-2.2106447065662556,0
-0.7989758272444256,0.39770177050729577,0.1577507810297153,0.2970706710410438,-1.8297051807492422,-2.150267857385819,0
-1.858640393465699,0.07997649477807062,1.6117905913123958,1.2846510135474407,-2.019661190653408,-2.5761571387823863,1
-3.39679108760674,-0.5706713486133254,0.734218218708196,-1.2918535914922544,-2.0657443902766675,-3.9663851798042673,0
-3.0520124086674763,-0.6784854050250794,-0.03821102747132102,3.367323504099761,-2.3139568697568067,-2.7329005261597525,1
-3.5116581208466533,0.029965440097251415,0.1970268328773009,0.8616373767575376,-4.9221937347618585,-1.9336104037386084,1
-0.39856144676148464,0.6771468663576308,-0.24530054133253051,0.9075459153825187,-1.5609398418787284,-1.647857110405855,1
-1.6320477772518798,-0.41445810177032616,-0.608586086006421,-2.13686779114075,-2.426988897102521,0.24701089612379068,0
-2.1271857510755674,1.0499842925713831,-0.31778060433606964,-2.5251403773113306,-1.9564422777369135,-2.099267853760538,0
0.09611262211844851,-0.5491469770457174,1.269678839602134,-0.2056441028297198,-1.8382872262058882,-0.6702260162768159,0
-2.5691368227502736,1.6281495457568582,0.7559251916437938,3.4150853201362095,-2.2015686285743463,-1.6695040127661418,1
-5.566719825230262,0.856450680015159,1.763557440006718,-0.6792699809364762,-3.363751899555605,-2.0445205362548338,0
-3.6265706411576852,0.43483122076684505,-0.32275102611843537,2.816874827883667,-2.3568259490682975,-2.614764329669482,1
-2.8090744197593165,1.636825690112449,-1.0058126703621093,1.4257665450020554,-3.3057094365250093,-2.5853520368505696,1
-2.9106258895500687,0.6624810601645157,-0.8662269480072499,-2.3511073638349824,-1.681460175440922,-4.353712287188926,0
-0.8105672170352327,-0.8702675501809736,-0.21371215199588148,-3.767478264952759,-1.4134493993754393,-1.8439041705013726,0
-0.6517084385614371,-0.8201217200962095,-1.9357655472112385,2.4199262944051982,-1.5265867431790938,-1.956568645492372,1
-3.270569812469054,-0.24091124509361989,-1.5456501396999585,-1.4108127860777178,-2.8605659567347947,-0.6285543898369255,0
-1.4894365768799624,-0.8339843541994671,-0.13929201177662912,2.9341071583564715,-1.1964472701761222,-1.8432385090138896,1
-3.0047462520713664,1.905941348457565,-0.46316761307279136,1.5425948684149602,-4.366648435670571,-1.0065224611821266,1
-2.190147223003282,1.4939381997983447,0.5279026489428972,3.2913672879467133,-3.146892444197284,-0.8551705631651261,1
-3.4589757868614144,0.17367664613852624,-0.701337191602714,-1.9936679265426818,-1.985462756520433,-4.053486936997421,0
-2.6380428685734287,-1.3819953225931907,0.24990170911772747,3.437944699078721,-0.7994953365147845,-2.538616259411273,1
-2.1046454574885867,-0.9997528010881317,-0.7835221841353823,3.005081863096457,-0.7474381222440027,-2.419512110479019,1
-3.7801913537012117,-0.20892848687957735,1.2679221333318873,-1.5725164792844963,-2.8138152397338962,-1.388150024162464,0
-1.4438118405275366,0.2638517010739347,-1.524415338120977,-1.426356269398766,-2.406817996968197,0.11385242023983366,0
-4.517067550424166,-0.3665010555121015,-1.2801253069331895,-3.263959717373007,-2.0514174077082337,-4.568841042450842,0
-4.194818847773811,-0.6166050540454969,-0.37617660278168846,-1.9574504421695904,-2.8739022799645846,-1.5421894292907021,0
-2.7425135446602473,-0.6693860527711348,-1.0204045638322368,2.0427651176995947,-2.39986703669883,-2.502496298192514,1
-3.32338483043003,0.5373156575442041,1.3343503259492993,2.727642522427105,-4.32961039604259,-1.3430828082671902,1
-1.7722304389148438,1.9124094099167985,0.864154213470886,2.817691336137553,0.35984016379104,-2.173278929136532,1
-3.3678243194838866,-0.11224746695165881,0.7029537919068678,-2.0703059539017357,-2.7016685525856943,-1.0867613218202505,0
0.30171089959587993,1.2128209850318663,-0.5034355591611999,-0.7430572727660727,-1.81650648441242,-0.8809278654381694,1
-2.8372482190375172,0.9886805603447387,0.318105056052626,4.464809813526774,-3.24773798031641,-1.6927190464477655,1
-4.154305920270964,0.4244730942479096,-0.16809346596524435,-2.6163421867885157,-2.6951698693913033,-1.8551136811929392,0
-2.138978688351281,-0.9729497793166654,0.20944693229641737,3.2864224049990063,-1.5880225779580344,-2.8433723173210668,1
-0.7410516193756487,0.354617568017944,-0.044954586772383044,0.39636945103106425,-1.8958632959336124,-2.305339167068023,1
-2.0019761733809873,-0.4300992037619455,0.08635531550037072,-2.6450300930794506,-1.579993443303164,-3.365647439643726,0
